trainee_id,course_id,event,timestamp
متدرب-145,C002,enroll,2025-09-20
متدرب-090,C028,enroll,2025-09-27
متدرب-158,C057,enroll,2025-12-19
متدرب-026,C018,enroll,2025-08-13
متدرب-187,C050,complete,2025-09-23
متدرب-081,C018,enroll,2025-11-01
متدرب-166,C011,enroll,2025-08-22
متدرب-154,C077,complete,2025-07-18
متدرب-007,C039,enroll,2025-08-31
متدرب-156,C066,enroll,2025-10-02
متدرب-076,C007,enroll,2025-09-06
متدرب-099,C015,enroll,2025-09-05
متدرب-164,C077,enroll,2025-08-28
متدرب-004,C047,complete,2025-12-08
متدرب-100,C073,complete,2025-10-09
متدرب-140,C023,complete,2025-12-23
متدرب-005,C076,enroll,2026-01-07
متدرب-068,C028,enroll,2025-12-26
متدرب-102,C065,complete,2025-08-03
متدرب-183,C065,complete,2025-09-24
متدرب-180,C052,enroll,2025-07-31
متدرب-138,C069,enroll,2025-10-31
متدرب-022,C040,enroll,2025-09-02
متدرب-053,C020,complete,2025-10-02
متدرب-151,C009,complete,2025-07-16
متدرب-112,C031,enroll,2025-11-09
متدرب-023,C056,enroll,2025-09-16
متدرب-157,C078,enroll,2025-10-23
متدرب-171,C023,enroll,2026-01-07
متدرب-182,C018,enroll,2025-11-30
متدرب-128,C045,complete,2025-11-29
متدرب-096,C017,complete,2025-12-11
متدرب-198,C004,complete,2025-09-23
متدرب-070,C068,enroll,2025-11-04
متدرب-183,C074,enroll,2025-09-05
متدرب-117,C066,complete,2025-12-27
متدرب-128,C073,enroll,2025-10-08
متدرب-041,C033,enroll,2025-08-17
متدرب-173,C015,enroll,2025-09-02
متدرب-001,C006,enroll,2025-11-09
متدرب-012,C061,complete,2025-10-04
متدرب-039,C023,enroll,2025-08-22
متدرب-183,C054,enroll,2025-10-20
متدرب-064,C054,complete,2025-11-02
متدرب-020,C074,complete,2025-12-11
متدرب-129,C007,enroll,2025-11-14
متدرب-133,C006,complete,2025-12-24
متدرب-120,C037,complete,2025-10-19
متدرب-023,C071,complete,2026-01-08
متدرب-095,C026,complete,2025-08-19
متدرب-078,C080,enroll,2025-09-14
متدرب-095,C076,complete,2025-11-21
متدرب-188,C070,enroll,2025-12-03
متدرب-002,C053,enroll,2025-11-12
متدرب-139,C045,enroll,2025-10-17
متدرب-001,C049,complete,2025-12-15
متدرب-053,C068,enroll,2025-09-25
متدرب-126,C008,enroll,2025-10-31
متدرب-024,C006,enroll,2025-08-30
متدرب-106,C048,complete,2025-12-20
متدرب-149,C013,enroll,2025-07-31
متدرب-101,C010,enroll,2025-09-21
متدرب-170,C017,enroll,2025-10-28
متدرب-067,C041,complete,2025-07-15
متدرب-189,C042,complete,2025-09-17
متدرب-070,C030,enroll,2025-11-20
متدرب-035,C075,enroll,2025-12-02
متدرب-028,C022,complete,2025-09-13
متدرب-081,C053,enroll,2025-08-26
متدرب-092,C027,complete,2025-10-24
متدرب-119,C034,enroll,2025-12-18
متدرب-041,C039,enroll,2025-11-16
متدرب-084,C019,enroll,2025-11-08
متدرب-092,C051,enroll,2025-07-21
متدرب-077,C034,enroll,2026-01-03
متدرب-104,C058,enroll,2025-12-17
متدرب-119,C014,enroll,2025-12-10
متدرب-004,C008,enroll,2025-12-08
متدرب-051,C052,complete,2025-07-19
متدرب-162,C011,complete,2025-12-22
متدرب-006,C009,enroll,2025-07-29
متدرب-114,C017,enroll,2025-10-18
متدرب-032,C006,complete,2025-12-29
متدرب-044,C074,complete,2025-10-01
متدرب-128,C004,complete,2025-07-20
متدرب-110,C023,complete,2025-11-17
متدرب-048,C036,complete,2025-09-18
متدرب-039,C005,enroll,2025-07-29
متدرب-076,C064,complete,2025-08-23
متدرب-123,C008,enroll,2025-10-31
متدرب-099,C018,complete,2025-11-20
متدرب-165,C068,enroll,2025-08-02
متدرب-140,C003,complete,2025-10-11
متدرب-123,C070,complete,2025-10-14
متدرب-145,C065,complete,2025-10-03
متدرب-070,C024,enroll,2025-10-21
متدرب-153,C029,enroll,2025-10-31
متدرب-015,C061,complete,2025-08-14
متدرب-060,C021,enroll,2025-11-08
متدرب-169,C031,complete,2025-08-27
متدرب-189,C008,enroll,2025-08-16
متدرب-100,C046,enroll,2025-11-26
متدرب-061,C076,complete,2025-07-16
متدرب-092,C076,enroll,2025-07-15
متدرب-091,C073,enroll,2025-08-19
متدرب-049,C064,complete,2025-11-27
متدرب-126,C005,enroll,2025-12-27
متدرب-060,C078,enroll,2026-01-05
متدرب-135,C062,enroll,2025-10-18
متدرب-158,C026,enroll,2025-10-15
متدرب-184,C023,complete,2025-12-26
متدرب-006,C019,enroll,2025-12-13
متدرب-135,C047,enroll,2025-10-07
متدرب-181,C051,enroll,2025-10-16
متدرب-078,C042,enroll,2025-12-01
متدرب-188,C056,complete,2025-07-28
متدرب-082,C023,complete,2025-11-14
متدرب-171,C076,enroll,2025-10-06
متدرب-079,C038,enroll,2025-11-26
متدرب-187,C001,complete,2025-08-18
متدرب-009,C024,complete,2025-08-07
متدرب-057,C073,enroll,2025-09-05
متدرب-037,C043,enroll,2025-11-11
متدرب-089,C041,enroll,2025-08-01
متدرب-023,C043,complete,2026-01-08
متدرب-068,C027,enroll,2025-07-17
متدرب-018,C045,complete,2025-12-14
متدرب-185,C001,enroll,2025-10-04
متدرب-113,C054,enroll,2025-09-27
متدرب-127,C049,complete,2025-08-24
متدرب-097,C013,complete,2025-08-16
متدرب-167,C029,enroll,2025-09-17
متدرب-019,C005,complete,2026-01-05
متدرب-082,C034,enroll,2025-12-23
متدرب-088,C022,complete,2025-11-30
متدرب-188,C010,enroll,2025-10-16
متدرب-153,C079,complete,2026-01-03
متدرب-111,C022,complete,2025-12-01
متدرب-014,C013,complete,2025-11-19
متدرب-049,C053,complete,2025-07-25
متدرب-073,C039,enroll,2025-12-17
متدرب-013,C051,complete,2025-12-02
متدرب-014,C047,enroll,2025-09-23
متدرب-023,C038,complete,2025-11-20
متدرب-025,C004,enroll,2025-11-28
متدرب-164,C038,enroll,2025-09-11
متدرب-030,C040,complete,2025-09-12
متدرب-126,C034,enroll,2025-07-30
متدرب-140,C050,enroll,2025-10-08
متدرب-098,C048,enroll,2025-09-18
متدرب-012,C034,complete,2025-09-13
متدرب-068,C029,complete,2025-08-19
متدرب-016,C020,enroll,2025-12-20
متدرب-172,C045,complete,2025-08-13
متدرب-059,C071,enroll,2025-10-03
متدرب-134,C054,complete,2025-08-17
متدرب-061,C061,complete,2025-12-21
متدرب-102,C005,enroll,2025-12-11
متدرب-194,C058,enroll,2025-11-29
متدرب-055,C025,enroll,2025-12-31
متدرب-109,C011,complete,2025-11-20
متدرب-161,C019,complete,2025-10-21
متدرب-187,C009,enroll,2025-10-03
متدرب-143,C051,complete,2025-11-01
متدرب-134,C059,enroll,2025-07-15
متدرب-160,C076,complete,2025-12-13
متدرب-107,C020,enroll,2025-08-18
متدرب-151,C075,enroll,2025-12-14
متدرب-145,C013,complete,2025-08-26
متدرب-089,C053,complete,2025-10-04
متدرب-168,C063,complete,2026-01-01
متدرب-045,C036,complete,2025-12-05
متدرب-159,C078,complete,2026-01-01
متدرب-102,C043,enroll,2025-12-29
متدرب-191,C061,complete,2025-10-07
متدرب-006,C044,complete,2025-10-23
متدرب-072,C063,enroll,2025-11-13
متدرب-035,C039,complete,2025-10-20
متدرب-069,C054,enroll,2025-11-23
متدرب-114,C028,complete,2025-09-08
متدرب-195,C067,complete,2025-12-27
متدرب-132,C021,enroll,2025-10-23
متدرب-182,C065,complete,2025-12-07
متدرب-200,C068,enroll,2025-11-27
متدرب-050,C026,enroll,2025-11-08
متدرب-009,C059,enroll,2025-10-10
متدرب-181,C026,complete,2025-10-08
متدرب-119,C065,complete,2025-08-01
متدرب-032,C004,enroll,2025-10-07
متدرب-126,C077,complete,2025-11-26
متدرب-122,C076,complete,2025-10-14
متدرب-042,C034,enroll,2025-10-30
متدرب-008,C050,enroll,2025-11-30
متدرب-147,C028,enroll,2025-07-29
متدرب-058,C027,complete,2025-07-28
متدرب-105,C066,enroll,2025-07-20
متدرب-003,C061,enroll,2025-07-29
متدرب-045,C077,enroll,2025-11-14
متدرب-065,C078,complete,2025-07-30
متدرب-071,C055,complete,2025-10-13
متدرب-118,C033,enroll,2025-09-13
متدرب-078,C067,complete,2025-08-14
متدرب-027,C001,complete,2025-08-20
متدرب-166,C077,complete,2025-10-26
متدرب-176,C014,complete,2025-12-25
متدرب-087,C036,complete,2025-11-01
متدرب-067,C039,enroll,2025-12-03
متدرب-133,C031,enroll,2025-08-10
متدرب-104,C041,enroll,2026-01-04
متدرب-168,C064,complete,2025-11-05
متدرب-108,C052,complete,2026-01-01
متدرب-150,C074,enroll,2025-10-15
متدرب-186,C029,complete,2025-07-23
متدرب-092,C065,complete,2025-11-28
متدرب-169,C072,enroll,2025-10-27
متدرب-025,C061,enroll,2025-11-05
متدرب-186,C072,enroll,2025-07-20
متدرب-086,C012,enroll,2025-10-12
متدرب-058,C040,complete,2025-10-18
متدرب-096,C034,complete,2025-09-14
متدرب-031,C061,enroll,2025-08-01
متدرب-150,C075,enroll,2025-09-12
متدرب-050,C065,enroll,2025-07-20
متدرب-098,C068,complete,2025-09-27
متدرب-014,C020,enroll,2025-11-20
متدرب-088,C053,complete,2025-12-05
متدرب-081,C024,enroll,2025-09-08
متدرب-086,C023,complete,2025-08-01
متدرب-015,C001,complete,2025-11-01
متدرب-054,C022,enroll,2025-09-07
متدرب-196,C012,enroll,2025-08-06
متدرب-112,C055,complete,2025-09-23
متدرب-123,C050,enroll,2026-01-01
متدرب-137,C026,complete,2026-01-07
متدرب-083,C068,enroll,2026-01-06
متدرب-174,C001,enroll,2025-11-14
متدرب-178,C045,complete,2025-12-08
متدرب-027,C050,complete,2025-11-29
متدرب-017,C006,complete,2025-10-28
متدرب-117,C067,complete,2025-09-21
متدرب-176,C018,complete,2025-09-07
متدرب-092,C025,enroll,2025-09-29
متدرب-005,C030,enroll,2025-12-08
متدرب-055,C003,enroll,2025-12-10
متدرب-094,C005,complete,2025-07-31
متدرب-066,C069,enroll,2025-08-11
متدرب-013,C014,enroll,2025-12-29
متدرب-177,C015,complete,2025-09-19
متدرب-098,C016,complete,2025-09-11
متدرب-180,C020,enroll,2025-07-17
متدرب-176,C002,complete,2025-09-25
متدرب-170,C013,complete,2025-08-04
متدرب-156,C018,complete,2025-12-15
متدرب-131,C080,enroll,2025-10-30
متدرب-030,C014,complete,2025-11-21
متدرب-156,C026,complete,2025-08-30
متدرب-052,C046,complete,2025-10-27
متدرب-042,C006,complete,2025-11-18
متدرب-177,C062,complete,2025-11-11
متدرب-001,C002,enroll,2025-12-13
متدرب-147,C064,enroll,2025-12-18
متدرب-200,C066,enroll,2025-12-16
متدرب-066,C030,complete,2025-10-27
متدرب-068,C060,enroll,2025-12-16
متدرب-045,C006,complete,2025-10-10
متدرب-174,C041,complete,2025-12-12
متدرب-025,C006,enroll,2025-12-06
متدرب-170,C022,complete,2025-10-11
متدرب-113,C080,complete,2025-12-18
متدرب-096,C044,enroll,2025-12-12
متدرب-103,C052,complete,2025-11-02
متدرب-099,C062,complete,2025-07-28
متدرب-043,C015,enroll,2025-07-16
متدرب-186,C008,enroll,2025-12-15
متدرب-107,C076,complete,2025-08-18
متدرب-174,C057,enroll,2025-08-07
متدرب-098,C046,enroll,2025-07-19
متدرب-187,C017,complete,2025-09-08
متدرب-029,C053,complete,2025-12-30
متدرب-017,C034,complete,2026-01-07
متدرب-181,C068,enroll,2025-07-23
متدرب-087,C067,enroll,2025-09-22
متدرب-170,C032,complete,2025-10-14
متدرب-170,C050,enroll,2025-08-21
متدرب-157,C007,enroll,2025-07-30
متدرب-041,C065,complete,2025-09-06
متدرب-043,C010,complete,2025-10-20
متدرب-062,C043,complete,2025-12-29
متدرب-130,C029,complete,2025-09-29
متدرب-061,C011,complete,2025-09-19
متدرب-147,C058,enroll,2025-09-05
متدرب-115,C041,enroll,2025-09-05
متدرب-191,C003,enroll,2025-09-29
متدرب-106,C005,enroll,2025-12-18
متدرب-155,C080,complete,2025-09-02
متدرب-144,C027,complete,2025-10-15
متدرب-094,C007,enroll,2025-09-16
متدرب-085,C072,complete,2025-07-26
متدرب-094,C058,enroll,2025-12-17
متدرب-195,C029,enroll,2025-10-15
متدرب-091,C038,complete,2025-07-15
متدرب-028,C006,enroll,2025-09-06
متدرب-036,C053,enroll,2025-11-06
متدرب-157,C026,enroll,2025-12-11
متدرب-101,C028,complete,2025-11-23
متدرب-184,C044,enroll,2025-09-26
متدرب-012,C076,enroll,2025-09-17
متدرب-118,C076,enroll,2025-09-05
متدرب-002,C068,enroll,2025-08-22
متدرب-111,C075,complete,2025-09-02
متدرب-200,C023,enroll,2025-12-09
متدرب-027,C050,complete,2025-09-03
متدرب-099,C054,enroll,2025-11-01
متدرب-102,C044,complete,2025-09-17
متدرب-035,C018,complete,2025-08-09
متدرب-180,C066,complete,2025-07-15
متدرب-141,C041,enroll,2025-11-20
متدرب-054,C080,complete,2025-07-19
متدرب-089,C017,enroll,2025-09-04
متدرب-139,C042,enroll,2025-10-12
متدرب-144,C062,complete,2025-07-22
متدرب-192,C069,complete,2025-09-24
متدرب-004,C067,enroll,2026-01-04
متدرب-098,C019,enroll,2025-07-23
متدرب-015,C026,complete,2025-11-30
متدرب-074,C033,enroll,2025-12-26
متدرب-177,C038,enroll,2025-08-25
متدرب-009,C046,complete,2025-12-15
متدرب-158,C072,enroll,2025-07-29
متدرب-144,C050,enroll,2025-09-02
متدرب-179,C037,enroll,2025-10-05
متدرب-100,C054,complete,2025-08-22
متدرب-014,C002,complete,2025-11-20
متدرب-159,C057,enroll,2025-08-01
متدرب-181,C048,enroll,2025-11-22
متدرب-076,C058,enroll,2025-07-20
متدرب-020,C024,enroll,2025-09-01
متدرب-031,C049,enroll,2025-09-23
متدرب-072,C072,complete,2025-12-08
متدرب-042,C075,complete,2026-01-09
متدرب-085,C060,enroll,2025-12-31
متدرب-040,C042,enroll,2025-08-03
متدرب-158,C039,complete,2025-08-17
متدرب-141,C046,enroll,2025-10-21
متدرب-135,C029,enroll,2025-08-30
متدرب-018,C065,enroll,2025-09-26
متدرب-140,C069,complete,2025-12-18
متدرب-090,C029,enroll,2025-07-25
متدرب-085,C043,complete,2025-10-27
متدرب-056,C080,complete,2025-08-20
متدرب-193,C002,enroll,2025-07-23
متدرب-089,C058,enroll,2025-07-30
متدرب-158,C080,enroll,2025-12-31
متدرب-175,C042,complete,2025-12-12
متدرب-099,C033,complete,2026-01-04
متدرب-133,C048,complete,2025-09-08
متدرب-012,C038,enroll,2025-10-20
متدرب-132,C011,enroll,2025-11-29
متدرب-198,C069,enroll,2025-08-03
متدرب-017,C027,enroll,2025-07-19
متدرب-109,C014,enroll,2025-08-26
متدرب-180,C056,enroll,2025-07-19
متدرب-040,C004,complete,2025-10-18
متدرب-010,C012,enroll,2025-12-28
متدرب-046,C033,enroll,2025-08-16
متدرب-059,C034,complete,2025-10-03
متدرب-116,C052,complete,2025-10-22
متدرب-005,C050,enroll,2025-08-27
متدرب-002,C080,enroll,2025-08-14
متدرب-012,C010,complete,2025-09-04
متدرب-028,C038,complete,2025-08-08
متدرب-023,C037,complete,2025-10-05
متدرب-102,C004,complete,2025-12-01
متدرب-137,C029,enroll,2025-10-02
متدرب-140,C038,enroll,2025-10-26
متدرب-174,C048,enroll,2025-08-22
متدرب-143,C019,enroll,2025-12-31
متدرب-002,C074,complete,2025-08-26
متدرب-141,C011,complete,2025-11-18
متدرب-192,C045,enroll,2025-09-27
متدرب-166,C066,enroll,2025-11-30
متدرب-048,C029,complete,2025-11-22
متدرب-030,C024,enroll,2025-08-23
متدرب-119,C071,enroll,2025-10-28
متدرب-172,C009,complete,2025-12-16
متدرب-051,C075,complete,2025-10-18
متدرب-092,C017,enroll,2025-12-16
متدرب-073,C080,enroll,2025-11-22
متدرب-082,C063,complete,2025-10-18
متدرب-158,C040,enroll,2025-08-19
متدرب-146,C047,complete,2025-09-23
متدرب-044,C001,complete,2025-11-08
متدرب-057,C056,complete,2025-10-10
متدرب-035,C043,complete,2025-09-14
متدرب-115,C046,complete,2025-09-08
متدرب-142,C014,enroll,2025-07-29
متدرب-156,C011,complete,2025-12-06
متدرب-138,C026,complete,2025-08-03
متدرب-020,C010,enroll,2025-09-03
متدرب-162,C004,complete,2025-08-12
متدرب-055,C005,complete,2025-08-24
متدرب-139,C061,enroll,2025-10-09
متدرب-101,C029,complete,2025-12-07
متدرب-119,C065,enroll,2025-10-01
متدرب-094,C065,enroll,2025-07-25
متدرب-062,C079,enroll,2025-09-01
متدرب-036,C058,enroll,2025-11-26
متدرب-145,C073,enroll,2025-09-09
متدرب-092,C006,enroll,2025-09-08
متدرب-060,C009,complete,2025-10-08
متدرب-060,C006,enroll,2025-08-31
متدرب-093,C050,complete,2025-09-16
متدرب-012,C006,complete,2025-12-15
متدرب-181,C067,complete,2025-11-04
متدرب-149,C070,enroll,2025-10-06
متدرب-168,C049,complete,2025-08-13
متدرب-168,C010,complete,2025-10-06
متدرب-058,C067,complete,2025-10-12
متدرب-089,C063,complete,2025-08-09
متدرب-002,C065,enroll,2025-09-20
متدرب-043,C030,enroll,2025-09-01
متدرب-165,C036,enroll,2025-12-03
متدرب-048,C021,complete,2025-08-09
متدرب-184,C016,enroll,2025-09-26
متدرب-085,C015,complete,2025-07-22
متدرب-123,C062,enroll,2025-08-12
متدرب-042,C053,enroll,2025-11-09
متدرب-012,C017,enroll,2025-12-07
متدرب-162,C066,enroll,2025-08-17
متدرب-038,C008,enroll,2025-11-05
متدرب-047,C067,complete,2025-08-10
متدرب-145,C003,complete,2025-12-20
متدرب-056,C058,complete,2025-09-09
متدرب-044,C029,complete,2025-08-10
متدرب-037,C075,enroll,2025-08-04
متدرب-169,C066,complete,2025-11-29
متدرب-186,C044,complete,2025-08-11
متدرب-152,C009,enroll,2025-10-06
متدرب-099,C017,enroll,2026-01-06
متدرب-052,C067,complete,2025-12-03
متدرب-156,C013,enroll,2025-09-11
متدرب-158,C077,enroll,2025-08-27
متدرب-129,C016,enroll,2025-09-09
متدرب-169,C017,enroll,2025-07-21
متدرب-167,C056,complete,2025-10-08
متدرب-012,C068,complete,2025-11-13
متدرب-124,C049,complete,2025-08-13
متدرب-190,C074,enroll,2025-09-24
متدرب-035,C033,complete,2025-11-12
متدرب-022,C037,complete,2025-11-06
متدرب-049,C001,enroll,2025-08-16
متدرب-134,C016,enroll,2025-10-06
متدرب-168,C027,complete,2025-09-28
متدرب-093,C014,enroll,2025-09-23
متدرب-167,C075,complete,2025-11-05
متدرب-138,C055,complete,2025-08-07
متدرب-071,C051,enroll,2025-09-27
متدرب-142,C072,complete,2025-11-26
متدرب-095,C072,complete,2025-11-07
متدرب-079,C074,complete,2025-10-01
متدرب-189,C018,enroll,2025-11-13
متدرب-115,C021,enroll,2025-11-17
متدرب-131,C052,complete,2025-08-23
متدرب-158,C007,enroll,2025-10-03
متدرب-163,C001,enroll,2025-12-04
متدرب-121,C077,complete,2025-12-19
متدرب-017,C034,enroll,2025-10-08
متدرب-021,C078,enroll,2025-10-04
متدرب-103,C079,complete,2025-08-11
متدرب-015,C023,complete,2025-09-20
متدرب-003,C026,complete,2025-11-22
متدرب-009,C077,enroll,2025-08-06
متدرب-044,C005,complete,2025-11-10
متدرب-168,C001,enroll,2025-12-19
متدرب-071,C052,complete,2025-07-23
متدرب-102,C052,enroll,2025-08-31
متدرب-004,C009,enroll,2025-08-23
متدرب-073,C072,complete,2025-10-14
متدرب-071,C029,enroll,2025-09-16
متدرب-104,C074,enroll,2025-11-05
متدرب-045,C053,enroll,2025-08-20
متدرب-019,C065,complete,2025-10-15
متدرب-030,C066,complete,2025-08-26
متدرب-148,C033,complete,2025-10-06
متدرب-145,C062,enroll,2025-10-16
متدرب-199,C059,complete,2025-08-13
متدرب-008,C062,enroll,2025-11-05
متدرب-018,C049,enroll,2025-07-21
متدرب-180,C030,complete,2025-09-27
متدرب-091,C067,enroll,2025-07-15
متدرب-068,C032,complete,2025-12-18
متدرب-103,C044,enroll,2025-08-22
متدرب-046,C061,complete,2025-10-12
متدرب-056,C074,complete,2025-11-25
متدرب-192,C025,complete,2025-11-20
متدرب-061,C031,complete,2025-11-19
متدرب-059,C026,enroll,2025-08-05
متدرب-092,C020,enroll,2025-12-11
متدرب-021,C064,enroll,2025-08-25
متدرب-011,C062,complete,2025-08-05
متدرب-081,C064,complete,2025-09-07
متدرب-047,C066,complete,2025-10-01
متدرب-057,C074,enroll,2025-12-28
متدرب-135,C055,complete,2025-08-25
متدرب-009,C065,complete,2025-10-02
متدرب-176,C023,complete,2025-12-11
متدرب-179,C067,complete,2025-10-22
متدرب-177,C002,enroll,2025-07-22
متدرب-054,C049,enroll,2025-10-19
متدرب-093,C079,complete,2025-11-24
متدرب-141,C034,enroll,2025-11-03
متدرب-121,C079,complete,2025-10-09
متدرب-048,C064,complete,2025-11-18
متدرب-108,C048,complete,2025-09-30
متدرب-072,C058,enroll,2025-08-17
متدرب-034,C074,enroll,2025-12-16
متدرب-185,C035,enroll,2025-08-21
متدرب-111,C049,enroll,2025-12-04
متدرب-190,C020,complete,2026-01-08
متدرب-046,C054,complete,2025-12-07
متدرب-162,C067,complete,2025-09-08
متدرب-077,C033,enroll,2025-10-01
متدرب-026,C021,enroll,2025-11-16
متدرب-066,C061,enroll,2025-09-17
متدرب-191,C043,complete,2025-10-10
متدرب-093,C072,complete,2025-10-14
متدرب-006,C053,enroll,2025-10-13
متدرب-174,C078,enroll,2025-08-16
متدرب-148,C069,enroll,2025-10-30
متدرب-091,C042,complete,2025-09-18
متدرب-021,C049,complete,2025-09-14
متدرب-162,C019,enroll,2025-07-31
متدرب-087,C054,complete,2025-12-23
متدرب-021,C021,complete,2025-11-13
متدرب-081,C041,complete,2025-11-03
متدرب-155,C051,complete,2025-09-19
متدرب-200,C047,complete,2025-09-27
متدرب-043,C024,enroll,2025-12-09
متدرب-187,C031,complete,2025-07-15
متدرب-192,C011,enroll,2025-11-29
متدرب-102,C014,enroll,2025-12-25
متدرب-122,C071,enroll,2026-01-04
متدرب-198,C051,enroll,2025-12-15
متدرب-068,C080,enroll,2025-12-20
متدرب-168,C050,complete,2025-11-13
متدرب-064,C037,complete,2025-08-03
متدرب-033,C017,enroll,2026-01-03
متدرب-009,C046,complete,2025-09-11
متدرب-120,C070,complete,2025-08-23
متدرب-114,C018,enroll,2025-08-12
متدرب-153,C059,complete,2025-08-29
متدرب-164,C069,complete,2025-10-14
متدرب-124,C070,enroll,2025-12-19
متدرب-114,C040,complete,2025-09-27
متدرب-067,C020,complete,2026-01-08
متدرب-001,C067,enroll,2025-10-14
متدرب-074,C061,enroll,2025-07-18
متدرب-126,C062,complete,2026-01-08
متدرب-197,C056,complete,2025-08-11
متدرب-060,C001,complete,2025-11-23
متدرب-106,C072,complete,2025-10-01
متدرب-064,C021,complete,2025-10-06
متدرب-057,C034,enroll,2025-09-24
متدرب-161,C031,complete,2025-10-30
متدرب-167,C069,complete,2025-09-27
متدرب-049,C009,enroll,2025-12-07
متدرب-075,C015,complete,2025-08-05
متدرب-116,C035,complete,2025-11-23
متدرب-083,C003,enroll,2025-12-29
متدرب-137,C003,enroll,2025-12-15
متدرب-073,C035,enroll,2025-09-20
متدرب-187,C002,enroll,2025-12-18
متدرب-039,C002,complete,2025-11-16
متدرب-088,C054,complete,2025-09-05
متدرب-096,C060,enroll,2025-10-18
متدرب-021,C019,enroll,2025-11-03
متدرب-199,C051,enroll,2025-08-24
متدرب-121,C024,enroll,2025-11-07
متدرب-098,C002,enroll,2025-11-08
متدرب-099,C057,enroll,2026-01-02
متدرب-051,C059,enroll,2025-08-30
متدرب-171,C027,complete,2025-10-03
متدرب-175,C040,complete,2025-12-01
متدرب-162,C006,enroll,2025-11-07
متدرب-124,C039,enroll,2025-10-10
متدرب-014,C028,enroll,2025-11-11
متدرب-163,C056,complete,2026-01-07
متدرب-043,C036,enroll,2025-10-01
متدرب-063,C002,enroll,2025-08-15
متدرب-177,C061,enroll,2025-10-07
متدرب-198,C012,enroll,2025-12-01
متدرب-128,C012,complete,2025-08-03
متدرب-016,C008,complete,2025-07-29
متدرب-040,C069,enroll,2025-12-09
متدرب-125,C030,complete,2025-08-21
متدرب-166,C045,complete,2025-11-22
متدرب-006,C049,complete,2025-12-07
متدرب-065,C006,complete,2025-09-20
متدرب-144,C038,complete,2025-11-23
متدرب-146,C024,complete,2025-10-20
متدرب-188,C060,complete,2025-08-10
متدرب-142,C021,enroll,2025-08-28
متدرب-040,C058,complete,2025-11-04
متدرب-139,C047,complete,2026-01-10
متدرب-199,C065,complete,2025-11-24
متدرب-005,C080,complete,2025-08-05
متدرب-062,C042,enroll,2025-07-26
متدرب-138,C050,enroll,2025-08-29
متدرب-175,C064,enroll,2025-08-07
متدرب-073,C042,complete,2025-07-30
متدرب-083,C015,enroll,2025-08-30
متدرب-169,C009,enroll,2025-12-08
متدرب-046,C005,enroll,2025-12-14
متدرب-125,C025,enroll,2026-01-02
متدرب-147,C050,complete,2025-08-29
متدرب-160,C076,complete,2025-12-29
متدرب-094,C029,enroll,2026-01-07
متدرب-054,C063,enroll,2025-09-13
متدرب-164,C008,complete,2025-08-21
متدرب-191,C054,complete,2025-12-27
متدرب-158,C035,enroll,2025-12-23
متدرب-078,C010,enroll,2025-08-31
متدرب-025,C013,enroll,2025-08-27
متدرب-099,C025,enroll,2025-08-29
متدرب-169,C032,enroll,2025-08-21
متدرب-192,C072,complete,2025-12-14
متدرب-197,C074,complete,2025-07-22
متدرب-118,C055,enroll,2025-11-29
متدرب-047,C071,complete,2025-09-03
متدرب-087,C021,complete,2025-10-12
متدرب-081,C071,complete,2025-10-07
متدرب-106,C056,complete,2025-08-08
متدرب-062,C073,enroll,2025-10-06
متدرب-197,C071,complete,2025-10-10
متدرب-116,C058,complete,2026-01-10
متدرب-186,C005,complete,2025-08-11
متدرب-005,C067,enroll,2025-10-25
متدرب-002,C039,enroll,2025-11-17
متدرب-081,C003,complete,2025-08-22
متدرب-131,C072,enroll,2025-12-17
متدرب-010,C059,complete,2025-12-02
متدرب-036,C034,complete,2025-08-14
متدرب-064,C030,complete,2025-10-26
متدرب-024,C074,complete,2025-08-18
متدرب-056,C010,complete,2025-09-09
متدرب-045,C063,enroll,2025-08-11
متدرب-165,C039,enroll,2025-08-16
متدرب-098,C011,enroll,2025-10-17
متدرب-090,C056,complete,2025-12-11
متدرب-198,C030,enroll,2025-08-01
متدرب-200,C049,enroll,2025-10-24
متدرب-135,C006,complete,2025-08-25
متدرب-145,C020,complete,2025-09-04
متدرب-179,C029,enroll,2025-12-29
متدرب-173,C051,complete,2025-08-11
متدرب-148,C065,enroll,2025-11-15
متدرب-111,C038,complete,2025-12-04
متدرب-034,C044,enroll,2025-09-11
متدرب-147,C007,complete,2025-11-04
متدرب-022,C052,complete,2025-07-16
متدرب-034,C018,complete,2025-08-20
متدرب-051,C063,complete,2025-07-28
متدرب-147,C026,enroll,2025-11-09
متدرب-019,C035,complete,2025-10-20
متدرب-176,C074,enroll,2025-12-13
متدرب-172,C053,complete,2025-10-09
متدرب-090,C025,complete,2025-10-14
متدرب-153,C004,complete,2025-11-28
متدرب-090,C079,complete,2025-08-04
متدرب-038,C057,enroll,2025-11-12
متدرب-052,C048,enroll,2025-12-20
متدرب-029,C007,enroll,2025-08-05
متدرب-038,C037,enroll,2025-10-15
متدرب-178,C015,complete,2025-09-17
متدرب-121,C003,complete,2025-11-18
متدرب-190,C069,enroll,2025-11-19
متدرب-140,C067,complete,2025-08-23
متدرب-124,C080,enroll,2025-07-17
متدرب-179,C003,complete,2025-08-14
متدرب-170,C068,enroll,2025-11-06
متدرب-044,C008,complete,2025-11-20
متدرب-179,C080,complete,2025-12-28
متدرب-120,C002,enroll,2025-10-03
متدرب-170,C035,complete,2025-12-14
متدرب-005,C038,complete,2025-11-12
متدرب-098,C066,enroll,2025-10-22
متدرب-125,C077,enroll,2025-11-24
متدرب-051,C065,complete,2025-08-20
متدرب-183,C003,enroll,2025-11-08
متدرب-136,C040,complete,2025-09-07
متدرب-101,C021,enroll,2025-10-14
متدرب-176,C046,complete,2025-08-03
متدرب-078,C031,complete,2025-12-26
متدرب-161,C033,complete,2026-01-03
متدرب-143,C036,enroll,2025-12-03
متدرب-088,C051,enroll,2025-12-19
متدرب-187,C049,enroll,2025-09-26
متدرب-062,C074,enroll,2025-09-23
متدرب-080,C078,complete,2025-09-18
متدرب-139,C017,enroll,2025-07-27
متدرب-036,C075,enroll,2025-12-06
متدرب-080,C068,enroll,2025-09-22
متدرب-198,C019,enroll,2025-10-21
متدرب-018,C072,enroll,2025-11-24
متدرب-082,C019,enroll,2025-10-21
متدرب-106,C053,complete,2025-09-19
متدرب-191,C036,enroll,2025-11-23
متدرب-028,C017,enroll,2026-01-04
متدرب-196,C079,complete,2025-08-08
متدرب-146,C079,enroll,2025-08-11
متدرب-060,C030,enroll,2025-10-11
متدرب-021,C062,enroll,2025-09-04
متدرب-155,C061,complete,2025-11-24
متدرب-100,C063,complete,2025-12-06
متدرب-042,C025,enroll,2026-01-02
متدرب-105,C002,complete,2025-09-27
متدرب-057,C026,enroll,2025-12-25
متدرب-046,C057,complete,2025-07-18
متدرب-084,C059,enroll,2025-09-23
متدرب-104,C006,complete,2025-10-22
متدرب-101,C079,enroll,2025-08-30
متدرب-028,C058,complete,2025-12-31
متدرب-063,C067,complete,2025-12-31
متدرب-143,C050,enroll,2025-11-23
متدرب-075,C057,complete,2025-10-25
متدرب-199,C037,complete,2025-11-29
متدرب-109,C038,enroll,2025-07-18
متدرب-133,C019,complete,2025-07-29
متدرب-116,C012,enroll,2025-11-25
متدرب-200,C075,enroll,2025-10-02
متدرب-106,C042,complete,2026-01-04
متدرب-046,C059,enroll,2025-09-16
متدرب-024,C033,complete,2025-07-17
متدرب-167,C021,enroll,2025-12-18
متدرب-030,C058,complete,2025-12-20
متدرب-135,C050,enroll,2025-10-06
متدرب-141,C049,enroll,2025-11-28
متدرب-086,C073,enroll,2025-11-30
متدرب-038,C023,enroll,2025-09-25
متدرب-079,C040,complete,2025-10-29
متدرب-161,C024,enroll,2025-12-08
متدرب-052,C001,complete,2026-01-07
متدرب-118,C064,complete,2025-08-24
متدرب-002,C078,complete,2025-11-11
متدرب-056,C076,complete,2025-09-16
متدرب-105,C057,enroll,2025-08-10
متدرب-154,C001,enroll,2025-08-23
متدرب-072,C080,enroll,2025-12-29
متدرب-048,C019,enroll,2025-07-27
متدرب-090,C005,enroll,2026-01-02
متدرب-171,C074,complete,2025-10-18
متدرب-023,C007,enroll,2025-09-26
متدرب-046,C021,complete,2025-08-07
متدرب-170,C077,enroll,2025-09-16
متدرب-192,C075,complete,2026-01-01
متدرب-024,C039,complete,2025-10-08
متدرب-098,C009,complete,2025-08-23
متدرب-017,C038,complete,2025-12-07
متدرب-032,C036,complete,2025-08-29
متدرب-106,C068,enroll,2025-07-16
متدرب-054,C079,enroll,2025-12-14
متدرب-147,C068,enroll,2025-09-09
متدرب-186,C078,complete,2025-09-23
متدرب-156,C041,complete,2025-08-29
متدرب-148,C080,complete,2025-12-08
متدرب-158,C073,complete,2025-08-30
متدرب-187,C064,complete,2025-11-25
متدرب-157,C030,complete,2025-11-22
متدرب-001,C016,enroll,2025-09-13
متدرب-161,C016,enroll,2025-08-06
متدرب-107,C053,enroll,2025-10-17
متدرب-090,C072,enroll,2026-01-08
متدرب-164,C026,complete,2025-11-06
متدرب-018,C040,complete,2025-09-03
متدرب-141,C042,enroll,2025-12-12
متدرب-176,C043,complete,2025-10-01
متدرب-186,C073,enroll,2025-11-27
متدرب-050,C043,complete,2025-07-22
متدرب-123,C061,enroll,2025-07-29
متدرب-035,C062,enroll,2025-08-03
متدرب-118,C069,complete,2025-09-14
متدرب-106,C008,complete,2025-08-19
متدرب-186,C041,enroll,2025-11-18
متدرب-148,C043,complete,2025-12-25
متدرب-039,C036,enroll,2025-10-16
متدرب-097,C069,enroll,2025-08-17
متدرب-156,C050,enroll,2025-08-11
متدرب-030,C040,complete,2026-01-02
متدرب-070,C053,enroll,2025-09-05
متدرب-061,C048,complete,2025-10-25
متدرب-056,C068,complete,2025-11-27
متدرب-029,C048,enroll,2025-11-20
متدرب-024,C057,enroll,2025-09-09
متدرب-129,C020,enroll,2025-10-15
متدرب-124,C068,complete,2025-10-19
متدرب-037,C013,enroll,2025-11-19
متدرب-186,C005,complete,2025-10-03
متدرب-183,C067,enroll,2026-01-09
متدرب-080,C006,enroll,2025-10-17
متدرب-120,C006,enroll,2025-08-30
متدرب-197,C040,enroll,2025-08-16
متدرب-195,C040,enroll,2025-10-20
متدرب-052,C025,complete,2025-11-01
متدرب-137,C041,complete,2025-07-23
متدرب-031,C035,enroll,2025-12-01
متدرب-071,C015,enroll,2025-08-04
متدرب-144,C066,enroll,2025-11-19
متدرب-139,C045,complete,2025-11-02
متدرب-037,C037,enroll,2025-11-28
متدرب-019,C040,complete,2025-08-25
متدرب-114,C007,enroll,2026-01-03
متدرب-121,C007,enroll,2025-10-04
متدرب-014,C012,complete,2025-10-02
متدرب-046,C077,complete,2025-08-06
متدرب-092,C040,complete,2025-11-21
متدرب-183,C069,enroll,2025-09-13
متدرب-146,C017,enroll,2025-07-16
متدرب-120,C013,complete,2025-10-23
متدرب-176,C060,complete,2025-11-12
متدرب-058,C019,complete,2025-10-09
متدرب-101,C024,complete,2025-10-19
متدرب-117,C063,enroll,2025-12-25
متدرب-122,C015,complete,2025-09-10
متدرب-119,C022,complete,2025-10-13
متدرب-155,C074,enroll,2025-09-02
متدرب-027,C052,enroll,2025-10-19
متدرب-143,C010,complete,2025-08-27
متدرب-119,C052,complete,2025-11-10
متدرب-159,C032,enroll,2025-09-09
متدرب-099,C009,complete,2025-11-18
متدرب-178,C076,complete,2025-09-21
متدرب-146,C044,enroll,2025-11-27
متدرب-170,C010,complete,2025-12-12
متدرب-152,C077,complete,2025-10-19
متدرب-143,C013,complete,2025-11-26
متدرب-079,C052,enroll,2025-08-10
متدرب-028,C077,complete,2025-10-19
متدرب-127,C008,enroll,2025-11-16
متدرب-036,C075,enroll,2025-12-04
متدرب-170,C020,complete,2025-08-27
متدرب-075,C050,complete,2025-11-21
متدرب-053,C041,complete,2025-08-18
متدرب-174,C039,complete,2025-10-14
متدرب-023,C075,enroll,2025-08-07
متدرب-131,C052,enroll,2025-10-27
متدرب-016,C048,enroll,2026-01-10
متدرب-181,C072,complete,2025-12-13
متدرب-073,C004,enroll,2025-09-22
متدرب-180,C076,complete,2025-08-03
متدرب-082,C049,complete,2025-10-05
متدرب-112,C070,enroll,2025-07-25
متدرب-045,C061,enroll,2025-11-23
متدرب-143,C050,complete,2025-09-26
متدرب-040,C037,enroll,2025-12-07
متدرب-003,C010,enroll,2025-12-05
متدرب-185,C063,complete,2025-12-07
متدرب-022,C018,complete,2025-09-16
متدرب-179,C078,complete,2025-08-04
متدرب-047,C059,complete,2025-08-22
متدرب-116,C050,complete,2025-11-14
متدرب-048,C055,enroll,2025-08-16
متدرب-128,C031,complete,2025-09-27
متدرب-140,C074,complete,2026-01-02
متدرب-010,C073,complete,2025-10-08
متدرب-029,C075,complete,2025-07-18
متدرب-021,C019,complete,2025-09-13
متدرب-133,C011,enroll,2025-11-09
متدرب-121,C010,complete,2025-08-07
متدرب-014,C044,enroll,2025-09-12
متدرب-117,C066,complete,2025-08-17
متدرب-188,C043,complete,2025-10-12
متدرب-076,C038,enroll,2026-01-01
متدرب-178,C077,complete,2025-08-19
متدرب-067,C008,complete,2025-08-15
متدرب-044,C074,enroll,2025-07-26
متدرب-075,C080,enroll,2025-10-29
متدرب-125,C011,enroll,2025-09-03
متدرب-020,C036,complete,2025-12-08
متدرب-158,C036,complete,2025-11-06
متدرب-004,C015,enroll,2025-08-12
متدرب-190,C020,complete,2025-10-08
متدرب-045,C034,enroll,2025-09-08
متدرب-047,C068,enroll,2025-10-15
متدرب-022,C019,enroll,2025-09-06
متدرب-193,C053,complete,2025-11-11
متدرب-170,C057,enroll,2025-11-18
متدرب-148,C045,enroll,2025-07-30
متدرب-068,C015,enroll,2025-11-29
متدرب-119,C052,complete,2025-10-25
متدرب-122,C069,enroll,2025-10-05
متدرب-175,C050,complete,2025-11-04
متدرب-038,C068,complete,2026-01-07
متدرب-074,C058,complete,2025-07-21
متدرب-081,C068,enroll,2025-12-17
متدرب-137,C046,complete,2025-08-07
متدرب-167,C035,complete,2025-11-02
متدرب-069,C013,complete,2025-07-27
متدرب-150,C051,complete,2025-07-22
متدرب-192,C031,enroll,2025-08-30
متدرب-087,C024,complete,2025-08-23
متدرب-003,C002,enroll,2026-01-07
متدرب-106,C013,enroll,2025-07-19
متدرب-115,C045,enroll,2025-10-30
متدرب-065,C025,enroll,2026-01-04
متدرب-159,C012,enroll,2025-08-11
متدرب-169,C028,enroll,2025-12-11
متدرب-023,C078,enroll,2025-10-06
متدرب-169,C073,enroll,2025-12-13
متدرب-179,C024,complete,2025-10-27
متدرب-120,C010,complete,2025-11-01
متدرب-197,C055,complete,2025-11-06
متدرب-042,C010,complete,2025-12-26
متدرب-098,C050,complete,2025-12-26
متدرب-067,C034,enroll,2025-09-20
متدرب-018,C063,enroll,2025-08-07
متدرب-101,C023,complete,2025-12-14
متدرب-037,C070,complete,2025-11-16
متدرب-158,C014,complete,2025-11-05
متدرب-027,C005,enroll,2025-12-23
متدرب-147,C033,complete,2026-01-06
متدرب-128,C020,enroll,2026-01-01
متدرب-171,C050,complete,2025-12-03
متدرب-180,C043,complete,2025-08-16
متدرب-001,C066,complete,2025-09-10
متدرب-112,C052,enroll,2025-08-25
متدرب-058,C001,complete,2025-07-18
متدرب-200,C062,enroll,2025-08-18
متدرب-138,C046,complete,2025-07-20
متدرب-078,C052,enroll,2025-08-02
متدرب-166,C012,complete,2025-08-27
متدرب-088,C011,complete,2025-10-28
متدرب-166,C026,enroll,2025-08-22
متدرب-011,C050,enroll,2025-10-26
متدرب-179,C050,enroll,2025-08-02
متدرب-177,C046,complete,2025-12-20
متدرب-162,C057,enroll,2025-12-06
متدرب-010,C025,enroll,2025-08-12
متدرب-062,C063,complete,2025-12-25
متدرب-139,C040,complete,2025-08-27
متدرب-116,C003,enroll,2025-10-16
متدرب-015,C044,enroll,2025-09-29
متدرب-031,C028,complete,2025-07-21
متدرب-138,C020,enroll,2025-12-23
متدرب-010,C019,complete,2025-07-27
متدرب-005,C061,enroll,2025-11-09
متدرب-180,C017,enroll,2025-11-27
متدرب-162,C007,complete,2025-12-17
متدرب-117,C079,enroll,2025-08-12
متدرب-017,C014,enroll,2025-09-05
متدرب-153,C079,enroll,2025-12-25
متدرب-052,C055,complete,2025-07-21
متدرب-103,C042,enroll,2025-07-19
متدرب-148,C070,enroll,2025-10-20
متدرب-055,C006,enroll,2025-10-17
متدرب-017,C016,complete,2025-12-05
متدرب-194,C054,enroll,2025-07-16
متدرب-095,C071,enroll,2025-09-20
متدرب-063,C075,enroll,2025-12-07
متدرب-026,C079,complete,2025-12-01
متدرب-005,C063,enroll,2026-01-09
متدرب-002,C023,enroll,2025-07-28
متدرب-152,C037,complete,2025-07-17
متدرب-198,C061,enroll,2025-11-19
متدرب-037,C035,complete,2025-09-27
متدرب-062,C023,enroll,2025-08-11
متدرب-047,C064,enroll,2025-08-03
متدرب-078,C045,complete,2026-01-09
متدرب-143,C031,enroll,2025-12-11
متدرب-136,C013,complete,2025-08-25
متدرب-130,C029,complete,2025-08-03
متدرب-169,C027,complete,2025-12-28
متدرب-050,C015,enroll,2025-07-19
متدرب-122,C064,enroll,2025-12-01
متدرب-172,C006,enroll,2025-07-29
متدرب-094,C037,enroll,2025-09-21
متدرب-065,C043,complete,2025-12-30
متدرب-027,C007,enroll,2025-12-01
متدرب-008,C063,enroll,2025-12-23
متدرب-061,C057,complete,2025-09-25
متدرب-051,C042,enroll,2025-12-13
متدرب-084,C030,enroll,2025-11-11
متدرب-189,C053,enroll,2025-10-06
متدرب-057,C010,complete,2025-08-14
متدرب-125,C007,complete,2025-12-04
متدرب-056,C079,complete,2025-11-26
متدرب-100,C048,enroll,2025-09-15
متدرب-185,C025,complete,2025-11-02
متدرب-052,C043,enroll,2026-01-02
متدرب-178,C073,enroll,2025-10-31
متدرب-035,C015,complete,2025-09-15
متدرب-108,C022,complete,2025-11-15
متدرب-076,C078,enroll,2025-07-31
متدرب-157,C022,enroll,2025-12-19
متدرب-106,C067,complete,2025-11-16
متدرب-152,C061,complete,2025-10-31
متدرب-004,C055,enroll,2025-11-08
متدرب-084,C056,enroll,2025-08-12
متدرب-039,C074,enroll,2025-09-26
متدرب-012,C006,complete,2025-09-03
متدرب-009,C055,complete,2025-09-10
متدرب-179,C013,complete,2025-09-06
متدرب-062,C011,enroll,2025-07-17
متدرب-188,C053,enroll,2025-12-08
متدرب-092,C038,enroll,2025-07-29
متدرب-024,C003,complete,2025-07-23
متدرب-079,C021,complete,2025-08-17
متدرب-192,C075,enroll,2025-09-16
متدرب-119,C018,complete,2025-11-24
متدرب-095,C060,enroll,2025-08-03
متدرب-019,C050,complete,2025-08-28
متدرب-009,C038,complete,2025-11-02
متدرب-179,C079,enroll,2025-07-19
متدرب-021,C080,complete,2025-12-27
متدرب-132,C047,enroll,2025-12-13
متدرب-099,C047,complete,2025-08-05
متدرب-011,C047,complete,2025-11-27
متدرب-166,C072,enroll,2025-08-20
متدرب-182,C027,enroll,2025-10-17
متدرب-062,C070,enroll,2025-07-28
متدرب-123,C075,enroll,2025-11-14
متدرب-083,C046,complete,2025-09-04
متدرب-175,C055,complete,2025-12-28
متدرب-017,C048,complete,2025-09-17
متدرب-125,C065,enroll,2025-09-12
متدرب-182,C069,complete,2025-09-17
متدرب-159,C048,enroll,2025-11-23
متدرب-118,C012,enroll,2025-10-02
متدرب-046,C037,enroll,2025-12-14
متدرب-043,C036,enroll,2025-07-16
متدرب-038,C064,enroll,2025-11-19
متدرب-134,C003,complete,2025-09-26
متدرب-175,C070,enroll,2025-09-11
متدرب-089,C054,complete,2025-07-29
متدرب-006,C038,enroll,2025-12-25
متدرب-006,C030,complete,2025-09-27
متدرب-149,C044,complete,2025-09-08
متدرب-152,C068,complete,2025-09-15
متدرب-078,C073,enroll,2025-10-24
متدرب-044,C034,enroll,2025-09-09
متدرب-096,C037,enroll,2025-12-04
متدرب-091,C037,complete,2025-11-29
متدرب-159,C021,complete,2025-11-25
متدرب-045,C020,enroll,2025-11-11
متدرب-030,C006,complete,2025-08-16
متدرب-033,C057,complete,2025-10-08
متدرب-048,C027,enroll,2025-07-24
متدرب-082,C045,enroll,2025-10-07
متدرب-115,C070,enroll,2025-08-27
متدرب-078,C016,enroll,2025-09-29
متدرب-128,C019,complete,2025-10-21
متدرب-040,C001,complete,2025-07-29
متدرب-181,C038,complete,2025-10-28
متدرب-194,C074,enroll,2025-08-19
متدرب-187,C057,complete,2025-07-18
متدرب-029,C062,enroll,2025-12-06
متدرب-174,C071,enroll,2025-10-24
متدرب-007,C052,enroll,2025-09-18
متدرب-092,C012,complete,2025-12-27
متدرب-156,C025,enroll,2025-10-31
متدرب-051,C003,enroll,2025-08-26
متدرب-115,C012,complete,2025-11-22
متدرب-126,C041,enroll,2025-07-24
متدرب-093,C051,enroll,2025-09-23
متدرب-095,C050,complete,2026-01-07
متدرب-073,C045,complete,2025-10-24
متدرب-115,C072,enroll,2025-11-16
متدرب-187,C057,complete,2025-09-19
متدرب-074,C021,complete,2025-09-26
متدرب-036,C076,enroll,2025-12-05
متدرب-054,C039,complete,2025-08-29
متدرب-086,C009,complete,2025-12-19
متدرب-002,C053,complete,2025-09-26
متدرب-045,C072,complete,2025-08-18
متدرب-194,C018,enroll,2025-11-24
متدرب-098,C038,complete,2025-12-31
متدرب-078,C075,complete,2025-09-06
متدرب-144,C060,enroll,2026-01-04
متدرب-001,C020,complete,2025-10-26
متدرب-164,C061,enroll,2025-07-27
متدرب-171,C037,complete,2025-11-26
متدرب-126,C032,enroll,2025-12-11
متدرب-196,C036,complete,2025-12-24
متدرب-154,C047,complete,2025-08-19
متدرب-112,C034,complete,2025-07-17
متدرب-031,C048,enroll,2025-11-05
متدرب-042,C075,enroll,2025-12-04
متدرب-082,C060,enroll,2025-10-11
متدرب-042,C007,complete,2025-10-10
متدرب-108,C046,enroll,2025-10-28
متدرب-075,C068,enroll,2025-09-01
متدرب-050,C024,enroll,2025-08-10
متدرب-193,C022,complete,2025-10-22
متدرب-176,C039,complete,2025-07-19
متدرب-179,C047,enroll,2025-08-27
متدرب-149,C046,enroll,2026-01-07
متدرب-036,C067,complete,2025-10-07
متدرب-200,C063,complete,2025-10-15
متدرب-042,C014,enroll,2025-12-02
متدرب-129,C029,enroll,2025-08-20
متدرب-158,C068,enroll,2025-09-26
متدرب-118,C010,enroll,2025-12-08
متدرب-005,C062,complete,2025-10-23
متدرب-177,C047,enroll,2025-09-19
متدرب-153,C067,complete,2025-11-27
متدرب-182,C039,enroll,2025-12-11
متدرب-057,C017,enroll,2025-07-18
متدرب-059,C040,enroll,2025-11-18
متدرب-034,C011,complete,2025-07-18
متدرب-196,C015,enroll,2026-01-06
متدرب-199,C062,complete,2025-12-31
متدرب-051,C014,enroll,2025-07-26
متدرب-132,C076,enroll,2025-09-12
متدرب-031,C033,enroll,2025-12-25
متدرب-078,C002,enroll,2025-12-10
متدرب-155,C027,enroll,2025-11-24
متدرب-172,C045,enroll,2025-12-18
متدرب-038,C036,complete,2025-10-12
متدرب-042,C065,enroll,2025-09-03
متدرب-146,C009,enroll,2025-08-15
متدرب-196,C002,enroll,2025-11-22
متدرب-073,C022,enroll,2025-12-16
متدرب-055,C065,complete,2025-10-09
متدرب-179,C076,enroll,2025-09-20
متدرب-173,C014,enroll,2025-10-12
متدرب-098,C055,enroll,2025-09-01
متدرب-059,C053,enroll,2025-10-22
متدرب-032,C060,enroll,2025-08-30
متدرب-035,C064,complete,2025-10-29
متدرب-143,C006,enroll,2025-10-19
متدرب-127,C015,complete,2025-10-30
متدرب-117,C077,complete,2025-07-19
متدرب-114,C029,complete,2025-10-28
متدرب-110,C025,enroll,2025-09-11
متدرب-174,C048,enroll,2026-01-07
متدرب-173,C063,enroll,2025-10-01
متدرب-113,C067,enroll,2025-12-11
متدرب-037,C051,complete,2025-07-17
متدرب-152,C014,enroll,2025-12-25
متدرب-094,C026,complete,2025-11-20
متدرب-153,C052,enroll,2025-11-12
متدرب-109,C064,complete,2025-08-15
متدرب-152,C035,complete,2025-10-11
متدرب-122,C078,complete,2025-09-08
متدرب-131,C036,enroll,2025-09-16
متدرب-028,C016,complete,2025-09-07
متدرب-128,C030,enroll,2026-01-03
متدرب-026,C007,enroll,2025-09-05
متدرب-174,C004,enroll,2025-10-05
متدرب-155,C042,enroll,2025-10-25
متدرب-160,C080,enroll,2025-12-22
متدرب-170,C067,complete,2025-09-13
متدرب-052,C038,complete,2025-09-07
متدرب-130,C034,complete,2025-08-25
متدرب-140,C003,enroll,2025-09-22
متدرب-031,C050,complete,2025-10-22
متدرب-097,C057,complete,2026-01-01
متدرب-009,C023,complete,2025-11-29
متدرب-126,C056,enroll,2025-10-23
متدرب-184,C050,complete,2025-12-13
متدرب-146,C063,complete,2025-09-11
متدرب-144,C021,enroll,2025-10-02
متدرب-068,C064,complete,2025-08-06
متدرب-174,C046,complete,2025-10-20
متدرب-016,C004,enroll,2025-12-09
متدرب-094,C045,enroll,2025-08-03
متدرب-088,C049,enroll,2025-09-23
متدرب-089,C046,complete,2025-10-13
متدرب-015,C032,enroll,2025-11-11
متدرب-166,C040,enroll,2025-07-18
متدرب-017,C040,enroll,2025-10-16
متدرب-044,C003,complete,2026-01-01
متدرب-118,C055,complete,2025-11-03
متدرب-006,C061,enroll,2025-10-21
متدرب-097,C074,complete,2025-10-20
متدرب-147,C013,complete,2025-12-16
متدرب-177,C027,complete,2025-09-05
متدرب-129,C044,enroll,2025-08-06
متدرب-077,C047,complete,2025-11-20
متدرب-128,C010,enroll,2025-10-29
متدرب-068,C007,complete,2025-08-17
متدرب-103,C029,enroll,2025-08-15
متدرب-025,C076,complete,2025-11-02
متدرب-018,C073,complete,2025-09-23
متدرب-054,C045,enroll,2025-07-28
متدرب-078,C065,complete,2025-09-22
متدرب-170,C070,complete,2025-11-20
متدرب-107,C052,complete,2025-08-04
متدرب-132,C059,enroll,2026-01-06
متدرب-161,C067,enroll,2025-08-16
متدرب-128,C028,complete,2025-11-03
متدرب-164,C069,complete,2025-08-19
متدرب-187,C008,enroll,2025-10-09
متدرب-119,C019,enroll,2025-12-03
متدرب-192,C039,complete,2025-09-27
متدرب-082,C009,enroll,2025-09-27
متدرب-069,C037,enroll,2025-11-06
متدرب-176,C077,enroll,2025-09-29
متدرب-062,C015,enroll,2025-11-22
متدرب-008,C032,complete,2025-09-14
متدرب-125,C072,complete,2025-09-24
متدرب-166,C005,enroll,2025-12-01
متدرب-070,C018,enroll,2025-11-05
متدرب-072,C071,enroll,2025-07-30
متدرب-011,C063,enroll,2025-12-27
متدرب-022,C041,complete,2025-12-25
متدرب-105,C047,enroll,2025-10-01
متدرب-186,C018,enroll,2025-12-13
متدرب-147,C065,enroll,2025-08-30
متدرب-171,C075,complete,2025-09-05
متدرب-024,C031,enroll,2025-10-22
متدرب-085,C075,complete,2025-11-11
متدرب-109,C028,enroll,2025-12-14
متدرب-045,C028,complete,2025-09-20
متدرب-105,C033,enroll,2025-09-07
متدرب-137,C048,enroll,2025-10-21
متدرب-140,C055,complete,2025-07-20
متدرب-064,C036,enroll,2025-10-10
متدرب-122,C048,complete,2026-01-05
متدرب-166,C078,enroll,2025-07-25
متدرب-014,C031,complete,2025-08-22
متدرب-099,C040,complete,2025-07-19
متدرب-032,C069,enroll,2025-09-19
متدرب-100,C002,complete,2025-11-06
متدرب-078,C012,enroll,2025-10-26
متدرب-054,C021,complete,2025-08-02
متدرب-082,C053,enroll,2025-11-01
متدرب-021,C063,complete,2025-09-27
متدرب-086,C055,enroll,2025-11-30
متدرب-179,C034,enroll,2025-10-12
متدرب-108,C078,complete,2025-09-16
متدرب-178,C004,enroll,2025-07-30
متدرب-165,C024,complete,2025-07-30
متدرب-035,C001,complete,2025-11-20
متدرب-161,C040,complete,2025-08-16
متدرب-022,C015,enroll,2025-11-08
متدرب-133,C017,complete,2025-10-21
متدرب-116,C062,enroll,2025-11-05
متدرب-045,C076,complete,2025-10-30
متدرب-051,C011,complete,2025-10-08
متدرب-047,C051,complete,2025-08-17
متدرب-058,C003,enroll,2025-08-21
متدرب-166,C079,enroll,2025-12-19
متدرب-119,C026,complete,2025-07-15
متدرب-044,C007,complete,2025-08-05
متدرب-110,C077,complete,2025-12-03
متدرب-023,C048,enroll,2025-08-18
متدرب-031,C002,complete,2025-09-16
متدرب-173,C064,enroll,2025-11-14
متدرب-183,C027,enroll,2025-11-03
متدرب-074,C064,complete,2025-12-08
متدرب-111,C027,enroll,2025-10-30
متدرب-187,C025,complete,2025-11-25
متدرب-105,C019,enroll,2025-10-28
متدرب-068,C031,complete,2025-11-08
متدرب-095,C075,complete,2025-12-20
متدرب-003,C061,enroll,2025-10-20
متدرب-178,C051,enroll,2025-10-04
متدرب-182,C055,complete,2025-12-23
متدرب-025,C072,enroll,2025-12-28
متدرب-086,C031,complete,2025-10-12
متدرب-156,C077,enroll,2026-01-09
متدرب-065,C065,complete,2025-10-25
متدرب-102,C048,enroll,2025-08-20
متدرب-011,C075,enroll,2025-11-05
متدرب-044,C065,complete,2025-10-16
متدرب-120,C017,enroll,2025-10-21
متدرب-182,C068,complete,2025-12-05
متدرب-067,C015,complete,2025-12-30
متدرب-033,C064,complete,2025-10-10
متدرب-111,C037,complete,2025-08-07
متدرب-195,C034,complete,2025-09-21
متدرب-043,C041,complete,2025-12-03
متدرب-143,C057,enroll,2025-11-23
متدرب-039,C007,enroll,2025-11-25
متدرب-010,C061,complete,2025-11-30
متدرب-181,C060,complete,2025-12-12
متدرب-127,C006,complete,2025-10-11
متدرب-182,C072,complete,2025-09-15
متدرب-127,C015,enroll,2025-12-10
متدرب-090,C012,enroll,2025-10-30
متدرب-047,C022,complete,2025-08-19
متدرب-170,C075,enroll,2025-08-14
متدرب-002,C068,enroll,2025-09-26
متدرب-020,C032,complete,2025-07-21
متدرب-025,C043,enroll,2025-10-30
متدرب-175,C016,complete,2025-10-07
متدرب-152,C014,complete,2025-12-02
متدرب-008,C011,complete,2025-07-26
متدرب-123,C059,complete,2025-08-11
متدرب-169,C001,complete,2025-12-30
متدرب-168,C080,complete,2025-10-19
متدرب-188,C073,enroll,2025-11-17
متدرب-013,C037,complete,2025-12-27
متدرب-191,C010,complete,2025-12-18
متدرب-103,C033,enroll,2025-11-10
متدرب-198,C052,enroll,2026-01-05
متدرب-054,C021,complete,2025-09-29
متدرب-073,C020,enroll,2025-10-26
متدرب-126,C056,complete,2025-07-19
متدرب-155,C017,complete,2025-07-24
متدرب-025,C048,enroll,2025-09-07
متدرب-115,C050,complete,2025-11-03
متدرب-145,C077,complete,2025-12-18
متدرب-194,C055,complete,2025-08-06
متدرب-048,C056,complete,2025-12-18
متدرب-011,C066,complete,2025-09-14
متدرب-174,C029,enroll,2025-09-06
متدرب-135,C068,enroll,2025-10-28
متدرب-120,C056,enroll,2025-09-10
متدرب-077,C020,enroll,2025-07-19
متدرب-077,C032,complete,2025-10-27
متدرب-146,C007,enroll,2025-12-30
متدرب-132,C014,complete,2025-09-27
متدرب-025,C060,complete,2025-10-12
متدرب-066,C075,enroll,2025-09-04
متدرب-005,C015,complete,2025-11-26
متدرب-047,C051,enroll,2025-12-20
متدرب-107,C039,complete,2025-08-13
متدرب-186,C059,complete,2025-08-04
متدرب-068,C044,enroll,2025-11-17
متدرب-048,C011,complete,2025-07-22
متدرب-028,C056,enroll,2026-01-09
متدرب-102,C015,enroll,2025-11-28
متدرب-168,C062,complete,2025-07-17
متدرب-104,C078,complete,2025-10-25
متدرب-159,C079,complete,2025-07-18
متدرب-173,C051,complete,2025-12-19
متدرب-033,C018,enroll,2025-11-23
متدرب-029,C003,enroll,2026-01-04
متدرب-054,C062,enroll,2025-07-28
متدرب-062,C056,enroll,2025-12-19
متدرب-078,C060,enroll,2025-09-11
متدرب-109,C003,enroll,2025-11-29
متدرب-040,C057,complete,2025-09-12
متدرب-006,C058,enroll,2025-11-20
متدرب-076,C073,complete,2025-12-28
متدرب-086,C002,enroll,2025-08-02
متدرب-183,C056,complete,2025-09-06
متدرب-189,C075,complete,2026-01-01
متدرب-125,C052,complete,2025-09-01
متدرب-152,C079,complete,2025-11-12
متدرب-183,C008,enroll,2025-09-24
متدرب-148,C041,enroll,2025-11-03
متدرب-166,C054,complete,2025-12-12
متدرب-127,C080,complete,2025-09-18
متدرب-179,C056,enroll,2025-11-30
متدرب-074,C025,complete,2025-10-14
متدرب-113,C030,enroll,2025-08-13
متدرب-176,C044,complete,2025-12-08
متدرب-076,C050,complete,2025-07-22
متدرب-168,C047,complete,2025-11-30
متدرب-160,C027,complete,2025-07-18
متدرب-192,C012,complete,2025-12-08
متدرب-045,C026,enroll,2025-08-08
متدرب-126,C013,complete,2025-09-06
متدرب-078,C031,enroll,2025-08-21
متدرب-013,C003,complete,2025-11-05
متدرب-092,C021,enroll,2025-09-04
متدرب-009,C009,complete,2025-09-22
متدرب-030,C080,enroll,2025-12-11
متدرب-144,C029,complete,2025-11-05
متدرب-088,C046,enroll,2025-08-21
متدرب-069,C020,enroll,2025-12-29
متدرب-113,C059,enroll,2025-12-14
متدرب-157,C079,enroll,2025-08-20
متدرب-011,C065,enroll,2025-11-29
متدرب-162,C016,enroll,2025-10-10
متدرب-041,C038,complete,2025-09-03
متدرب-128,C013,enroll,2025-07-29
متدرب-094,C043,enroll,2025-12-10
متدرب-052,C057,complete,2026-01-09
متدرب-063,C061,complete,2025-10-29
متدرب-130,C022,enroll,2025-11-03
متدرب-096,C054,complete,2025-08-02
متدرب-171,C032,enroll,2025-08-28
متدرب-108,C030,enroll,2025-09-23
متدرب-106,C053,complete,2025-08-31
متدرب-175,C047,enroll,2025-09-19
متدرب-038,C002,enroll,2025-12-20
متدرب-087,C041,complete,2025-11-29
متدرب-112,C008,complete,2026-01-01
متدرب-170,C020,enroll,2025-08-02
متدرب-183,C067,complete,2025-09-25
متدرب-103,C071,complete,2025-10-22
متدرب-089,C002,complete,2025-08-28
متدرب-157,C019,complete,2025-09-18
متدرب-165,C027,complete,2025-07-16
متدرب-089,C052,enroll,2025-10-25
متدرب-022,C005,complete,2025-10-03
متدرب-186,C017,complete,2025-11-17
متدرب-024,C066,complete,2025-08-30
متدرب-088,C021,enroll,2026-01-03
متدرب-139,C076,complete,2025-11-10
متدرب-199,C039,complete,2025-09-03
متدرب-029,C008,complete,2025-11-05
متدرب-161,C065,complete,2025-12-10
متدرب-013,C016,complete,2025-10-26
متدرب-147,C001,complete,2025-10-16
متدرب-061,C075,enroll,2025-10-13
متدرب-077,C037,enroll,2025-10-06
متدرب-134,C032,enroll,2025-10-19
متدرب-133,C075,enroll,2025-10-10
متدرب-117,C013,enroll,2025-09-24
متدرب-106,C011,enroll,2025-12-26
متدرب-109,C017,complete,2025-11-17
متدرب-115,C010,complete,2025-07-21
متدرب-135,C052,complete,2025-11-04
متدرب-150,C064,complete,2025-09-20
متدرب-177,C063,complete,2025-11-30
متدرب-037,C065,enroll,2025-09-08
متدرب-183,C059,enroll,2025-09-01
متدرب-136,C016,enroll,2025-09-16
متدرب-122,C005,enroll,2025-08-20
متدرب-095,C016,complete,2025-12-13
متدرب-031,C048,complete,2025-12-31
متدرب-134,C020,enroll,2025-10-07
متدرب-079,C048,complete,2025-10-27
متدرب-125,C004,enroll,2025-12-05
متدرب-151,C054,enroll,2025-10-24
متدرب-073,C028,enroll,2025-09-07
متدرب-001,C016,complete,2025-12-24
متدرب-012,C054,complete,2025-08-17
متدرب-080,C073,complete,2025-10-16
متدرب-097,C061,enroll,2025-12-06
متدرب-130,C059,complete,2025-07-24
متدرب-115,C020,complete,2025-12-19
متدرب-160,C080,complete,2025-10-03
متدرب-060,C051,complete,2025-08-25
متدرب-012,C057,complete,2025-07-29
متدرب-023,C022,enroll,2025-08-17
متدرب-162,C040,enroll,2025-07-30
متدرب-144,C011,enroll,2025-08-05
متدرب-139,C074,enroll,2025-08-18
متدرب-134,C025,complete,2025-09-04
متدرب-005,C016,enroll,2026-01-06
متدرب-071,C027,enroll,2025-08-15
متدرب-114,C011,complete,2025-09-30
متدرب-151,C006,complete,2026-01-05
متدرب-088,C056,enroll,2025-09-26
متدرب-007,C068,complete,2025-10-05
متدرب-066,C012,enroll,2025-12-16
متدرب-139,C022,complete,2025-12-05
متدرب-047,C033,enroll,2025-12-02
متدرب-079,C053,enroll,2025-12-26
متدرب-158,C042,enroll,2026-01-04
متدرب-183,C008,complete,2025-10-03
متدرب-026,C041,enroll,2025-09-27
متدرب-083,C034,complete,2025-12-11
متدرب-014,C026,enroll,2025-08-11
متدرب-151,C031,complete,2025-09-02
متدرب-193,C065,complete,2025-12-12
متدرب-069,C008,complete,2025-09-14
متدرب-142,C053,enroll,2025-09-09
متدرب-008,C053,enroll,2026-01-06
متدرب-069,C071,enroll,2025-11-08
متدرب-196,C072,enroll,2025-10-25
متدرب-146,C053,complete,2025-12-20
متدرب-163,C065,enroll,2025-12-05
متدرب-096,C070,enroll,2025-11-09
متدرب-138,C055,complete,2025-12-31
متدرب-001,C060,complete,2025-07-27
متدرب-043,C001,enroll,2025-09-09
متدرب-070,C077,complete,2025-07-20
متدرب-098,C045,enroll,2025-08-14
متدرب-131,C037,enroll,2025-11-30
متدرب-190,C069,enroll,2025-10-26
متدرب-023,C051,enroll,2025-12-06
متدرب-186,C072,complete,2025-09-22
متدرب-054,C079,complete,2025-07-20
متدرب-088,C034,complete,2025-11-02
متدرب-063,C042,complete,2025-11-18
متدرب-118,C077,complete,2026-01-06
متدرب-178,C018,enroll,2025-08-08
متدرب-122,C001,enroll,2025-07-22
متدرب-045,C053,complete,2025-10-02
متدرب-138,C011,enroll,2025-08-26
متدرب-008,C057,enroll,2025-10-12
متدرب-097,C077,complete,2025-10-03
متدرب-046,C002,enroll,2025-09-14
متدرب-095,C025,complete,2026-01-08
متدرب-057,C003,complete,2025-07-20
متدرب-182,C046,enroll,2025-12-18
متدرب-158,C039,enroll,2025-11-12
متدرب-127,C047,enroll,2025-10-31
متدرب-127,C078,enroll,2026-01-09
متدرب-051,C051,enroll,2025-10-31
متدرب-146,C065,complete,2025-11-28
متدرب-142,C025,enroll,2025-12-25
متدرب-151,C017,enroll,2025-12-09
متدرب-067,C073,enroll,2025-08-30
متدرب-187,C036,enroll,2025-07-21
متدرب-006,C069,complete,2025-07-20
متدرب-144,C059,enroll,2025-09-23
متدرب-165,C007,complete,2025-09-22
متدرب-105,C036,enroll,2025-07-20
متدرب-133,C060,complete,2025-10-10
متدرب-133,C006,enroll,2025-12-29
متدرب-072,C054,complete,2025-10-22
متدرب-002,C051,enroll,2025-10-17
متدرب-021,C074,enroll,2025-11-14
متدرب-177,C055,enroll,2025-11-08
متدرب-051,C022,complete,2025-10-23
متدرب-017,C013,enroll,2025-09-10
متدرب-111,C004,complete,2025-11-07
متدرب-064,C014,complete,2025-11-10
متدرب-088,C007,complete,2025-08-30
متدرب-061,C010,complete,2025-12-17
متدرب-161,C058,enroll,2025-12-20
متدرب-016,C005,complete,2025-10-22
متدرب-178,C009,enroll,2025-12-26
متدرب-114,C008,complete,2025-08-07
متدرب-161,C056,enroll,2025-12-15
متدرب-174,C008,enroll,2025-10-27
متدرب-098,C052,enroll,2025-08-05
متدرب-193,C053,enroll,2025-08-10
متدرب-169,C080,enroll,2025-09-16
متدرب-099,C060,complete,2025-08-05
متدرب-159,C013,complete,2025-07-28
متدرب-173,C004,complete,2025-08-31
متدرب-085,C076,enroll,2025-12-14
متدرب-027,C002,enroll,2025-08-12
متدرب-050,C074,enroll,2025-07-31
متدرب-131,C033,complete,2025-09-25
متدرب-124,C080,complete,2025-11-24
متدرب-063,C018,enroll,2025-12-26
متدرب-033,C040,complete,2025-09-01
متدرب-167,C046,complete,2025-08-14
متدرب-139,C019,enroll,2025-09-12
متدرب-080,C078,complete,2025-10-28
متدرب-095,C002,enroll,2025-12-27
متدرب-061,C065,enroll,2025-09-24
متدرب-089,C026,enroll,2025-07-31
متدرب-052,C009,complete,2025-11-23
متدرب-171,C061,complete,2025-08-10
متدرب-178,C043,complete,2025-08-06
متدرب-077,C054,complete,2025-11-30
متدرب-027,C059,enroll,2025-09-06
متدرب-057,C001,enroll,2025-07-17
متدرب-059,C060,enroll,2025-11-10
متدرب-124,C043,complete,2025-11-19
متدرب-103,C024,enroll,2025-10-10
متدرب-003,C010,complete,2026-01-03
متدرب-143,C015,enroll,2025-10-28
متدرب-113,C025,complete,2025-12-30
متدرب-008,C026,enroll,2025-10-30
متدرب-045,C029,complete,2025-11-27
متدرب-087,C071,enroll,2025-11-26
متدرب-051,C003,enroll,2025-11-04
متدرب-026,C003,enroll,2025-10-05
متدرب-168,C015,complete,2025-11-18
متدرب-079,C059,enroll,2025-10-08
متدرب-096,C022,complete,2025-12-25
متدرب-031,C019,enroll,2025-11-23
متدرب-050,C069,complete,2025-07-17
متدرب-096,C041,complete,2025-08-01
متدرب-063,C006,enroll,2025-08-26
متدرب-076,C020,complete,2025-11-08
متدرب-014,C036,enroll,2025-09-02
متدرب-150,C063,enroll,2025-12-21
متدرب-121,C079,enroll,2025-11-29
متدرب-131,C050,complete,2025-09-05
متدرب-133,C060,enroll,2025-10-20
متدرب-183,C048,complete,2025-09-06
متدرب-122,C035,complete,2025-07-31
متدرب-150,C005,enroll,2025-11-15
متدرب-052,C058,enroll,2025-10-01
متدرب-056,C040,complete,2025-10-06
متدرب-147,C021,complete,2025-11-06
متدرب-141,C011,enroll,2025-12-20
متدرب-076,C057,complete,2025-11-13
متدرب-150,C006,complete,2025-09-01
متدرب-160,C044,complete,2025-09-17
متدرب-120,C056,complete,2025-10-08
متدرب-128,C041,complete,2025-10-05
متدرب-007,C023,complete,2025-11-12
متدرب-068,C010,complete,2025-12-20
متدرب-076,C065,enroll,2025-11-01
متدرب-059,C013,enroll,2025-12-23
متدرب-093,C005,enroll,2025-10-17
متدرب-051,C043,complete,2025-10-25
متدرب-191,C036,enroll,2025-08-09
متدرب-036,C070,complete,2026-01-08
متدرب-198,C039,complete,2025-10-14
متدرب-104,C052,enroll,2025-09-12
متدرب-168,C066,enroll,2025-10-01
متدرب-059,C030,enroll,2025-09-11
متدرب-060,C067,complete,2025-09-14
متدرب-088,C011,complete,2025-11-23
متدرب-110,C054,enroll,2025-09-20
متدرب-116,C072,enroll,2025-10-07
متدرب-036,C074,enroll,2025-10-24
متدرب-189,C002,complete,2025-07-26
متدرب-091,C044,enroll,2025-09-25
متدرب-109,C052,complete,2025-10-19
متدرب-151,C003,enroll,2025-12-06
متدرب-040,C043,complete,2025-10-05
متدرب-053,C051,enroll,2025-08-27
متدرب-099,C025,complete,2025-12-14
متدرب-085,C073,complete,2025-07-31
متدرب-078,C012,enroll,2025-12-15
متدرب-173,C071,enroll,2026-01-02
متدرب-177,C078,complete,2026-01-04
متدرب-048,C026,enroll,2025-10-04
متدرب-073,C027,enroll,2025-10-28
متدرب-169,C068,enroll,2025-09-16
متدرب-015,C048,enroll,2025-11-28
متدرب-084,C053,complete,2025-12-01
متدرب-029,C017,complete,2025-09-10
متدرب-191,C009,complete,2025-11-19
متدرب-034,C027,complete,2025-09-22
متدرب-182,C061,enroll,2025-08-09
متدرب-148,C040,enroll,2025-09-04
متدرب-184,C059,complete,2025-11-20
متدرب-002,C019,complete,2025-12-25
متدرب-103,C078,enroll,2025-08-29
متدرب-085,C073,complete,2025-09-15
متدرب-119,C074,enroll,2025-12-18
متدرب-074,C059,complete,2025-07-15
متدرب-183,C039,complete,2025-08-07
متدرب-045,C054,enroll,2025-11-26
متدرب-159,C056,complete,2025-10-04
متدرب-169,C024,enroll,2025-10-02
متدرب-179,C006,enroll,2025-12-01
متدرب-071,C069,complete,2025-07-24
متدرب-018,C028,complete,2025-09-27
متدرب-196,C071,enroll,2025-10-08
متدرب-020,C014,complete,2025-09-28
متدرب-116,C022,complete,2025-11-18
متدرب-130,C006,complete,2026-01-04
متدرب-019,C060,complete,2025-10-15
متدرب-191,C052,enroll,2025-10-01
متدرب-010,C002,complete,2025-12-12
متدرب-182,C018,complete,2025-07-23
متدرب-192,C060,complete,2025-09-14
متدرب-018,C011,enroll,2025-09-20
متدرب-036,C061,complete,2025-11-30
متدرب-044,C003,enroll,2025-11-26
متدرب-076,C016,complete,2025-11-28
متدرب-020,C002,complete,2025-12-02
متدرب-113,C046,enroll,2025-11-16
متدرب-183,C005,enroll,2025-09-19
متدرب-179,C007,enroll,2025-10-03
متدرب-177,C040,complete,2025-12-28
متدرب-154,C001,enroll,2025-10-06
متدرب-197,C026,enroll,2025-10-07
متدرب-062,C026,enroll,2026-01-06
متدرب-108,C004,enroll,2025-10-16
متدرب-050,C009,enroll,2025-12-17
متدرب-171,C022,enroll,2025-12-30
متدرب-107,C066,enroll,2025-10-19
متدرب-083,C072,enroll,2025-08-04
متدرب-054,C070,complete,2025-09-23
متدرب-031,C030,enroll,2025-12-14
متدرب-092,C042,enroll,2026-01-07
متدرب-103,C041,enroll,2025-10-03
متدرب-055,C059,enroll,2025-12-25
متدرب-169,C036,complete,2025-12-30
متدرب-018,C028,complete,2025-10-25
متدرب-197,C077,complete,2025-12-15
متدرب-183,C069,enroll,2025-11-07
متدرب-025,C077,complete,2025-08-02
متدرب-179,C050,enroll,2025-10-17
متدرب-045,C041,complete,2025-12-24
متدرب-086,C003,complete,2025-10-05
متدرب-131,C030,enroll,2025-11-12
متدرب-006,C079,enroll,2025-10-23
متدرب-061,C055,enroll,2025-08-05
متدرب-021,C008,enroll,2025-10-07
متدرب-128,C038,enroll,2025-12-03
متدرب-097,C027,enroll,2025-11-11
متدرب-186,C077,complete,2025-10-18
متدرب-035,C036,complete,2025-07-30
متدرب-195,C006,complete,2025-07-29
متدرب-074,C004,enroll,2025-10-18
متدرب-088,C032,enroll,2025-08-25
متدرب-014,C032,enroll,2025-08-08
متدرب-098,C067,complete,2025-11-25
متدرب-114,C001,enroll,2025-09-07
متدرب-018,C025,enroll,2025-08-01
متدرب-037,C027,enroll,2025-12-18
متدرب-045,C076,enroll,2025-11-11
متدرب-130,C011,complete,2025-09-13
متدرب-080,C022,enroll,2025-11-09
متدرب-109,C023,enroll,2025-10-25
متدرب-074,C074,complete,2025-08-01
متدرب-052,C035,complete,2025-12-21
متدرب-093,C051,complete,2025-11-29
متدرب-121,C057,complete,2025-09-03
متدرب-157,C056,enroll,2025-09-09
متدرب-006,C049,complete,2025-12-20
متدرب-195,C039,enroll,2025-08-22
متدرب-187,C023,complete,2025-10-05
متدرب-119,C040,complete,2025-10-30
متدرب-097,C072,complete,2025-12-23
متدرب-086,C018,complete,2025-11-21
متدرب-040,C025,enroll,2026-01-07
متدرب-129,C048,complete,2025-09-29
متدرب-107,C051,complete,2025-10-04
متدرب-126,C040,enroll,2025-09-28
متدرب-010,C016,complete,2025-08-19
متدرب-042,C025,complete,2025-11-06
متدرب-198,C045,complete,2025-08-01
متدرب-177,C048,enroll,2025-07-28
متدرب-099,C055,enroll,2025-11-09
متدرب-123,C005,complete,2025-08-02
متدرب-181,C004,enroll,2025-11-05
متدرب-155,C059,enroll,2025-11-06
متدرب-064,C078,enroll,2026-01-07
متدرب-030,C012,complete,2025-10-01
متدرب-181,C076,enroll,2025-08-31
متدرب-049,C055,enroll,2025-09-23
متدرب-065,C039,complete,2025-08-13
متدرب-079,C053,enroll,2025-12-14
متدرب-163,C074,complete,2025-12-05
متدرب-069,C027,complete,2025-07-16
متدرب-079,C001,enroll,2025-09-07
متدرب-001,C013,enroll,2025-07-16
متدرب-107,C068,complete,2025-07-27
متدرب-074,C056,enroll,2025-11-26
متدرب-096,C024,enroll,2025-11-21
متدرب-125,C024,enroll,2025-09-17
متدرب-146,C028,enroll,2025-11-20
متدرب-016,C024,enroll,2025-11-05
متدرب-105,C057,enroll,2025-08-01
متدرب-043,C011,complete,2025-12-20
متدرب-097,C016,complete,2025-12-25
متدرب-088,C004,enroll,2025-09-10
متدرب-125,C013,enroll,2025-12-26
متدرب-069,C001,enroll,2025-12-17
متدرب-055,C067,enroll,2025-10-06
متدرب-155,C067,complete,2025-09-08
متدرب-122,C044,complete,2025-10-16
متدرب-095,C044,complete,2025-11-10
متدرب-093,C052,complete,2025-08-07
متدرب-015,C046,complete,2025-12-16
متدرب-001,C059,complete,2025-12-06
متدرب-007,C078,enroll,2025-08-28
متدرب-072,C032,complete,2025-09-17
متدرب-159,C061,complete,2025-07-25
متدرب-049,C001,complete,2026-01-06
متدرب-163,C047,enroll,2025-10-19
متدرب-174,C057,enroll,2025-08-08
متدرب-125,C052,enroll,2025-10-13
متدرب-110,C061,enroll,2025-10-04
متدرب-076,C078,enroll,2025-12-05
متدرب-134,C074,enroll,2025-12-09
متدرب-128,C012,complete,2025-07-22
متدرب-141,C060,enroll,2025-09-18
متدرب-030,C062,enroll,2025-11-09
متدرب-055,C022,enroll,2025-12-14
متدرب-112,C004,enroll,2025-10-19
متدرب-099,C036,enroll,2025-11-06
متدرب-171,C061,enroll,2025-07-24
متدرب-035,C069,complete,2025-12-18
متدرب-178,C043,enroll,2025-08-16
متدرب-197,C077,enroll,2025-07-30
متدرب-088,C049,complete,2025-07-27
متدرب-165,C072,complete,2025-11-12
متدرب-058,C034,enroll,2025-10-28
متدرب-023,C015,enroll,2025-10-15
متدرب-190,C076,enroll,2025-12-12
متدرب-147,C048,enroll,2025-10-22
متدرب-098,C074,enroll,2025-10-23
متدرب-016,C076,enroll,2025-10-03
متدرب-109,C041,complete,2025-07-21
متدرب-033,C067,enroll,2025-12-14
متدرب-102,C002,complete,2025-10-22
متدرب-038,C038,enroll,2025-09-05
متدرب-175,C059,enroll,2025-08-10
متدرب-073,C019,enroll,2025-08-10
متدرب-082,C040,enroll,2025-11-01
متدرب-181,C074,complete,2025-08-02
متدرب-056,C064,complete,2025-10-06
متدرب-016,C043,enroll,2025-11-18
متدرب-188,C029,enroll,2025-11-26
متدرب-125,C051,complete,2025-07-26
متدرب-041,C003,complete,2025-10-16
متدرب-109,C061,complete,2025-10-02
متدرب-101,C010,complete,2025-10-30
متدرب-179,C025,complete,2025-12-17
متدرب-034,C042,enroll,2025-10-25
متدرب-118,C021,enroll,2025-09-19
متدرب-179,C062,complete,2025-12-04
متدرب-054,C028,enroll,2025-07-28
متدرب-003,C047,enroll,2025-07-21
متدرب-038,C049,complete,2025-07-21
متدرب-044,C008,enroll,2025-10-11
متدرب-122,C023,enroll,2025-12-11
متدرب-132,C044,complete,2025-12-03
متدرب-161,C052,enroll,2026-01-02
متدرب-031,C031,complete,2025-09-07
متدرب-078,C077,enroll,2025-07-27
متدرب-191,C049,enroll,2025-09-14
متدرب-167,C049,complete,2025-08-02
متدرب-168,C057,complete,2026-01-08
متدرب-031,C015,enroll,2025-12-10
متدرب-126,C066,enroll,2026-01-05
متدرب-151,C074,complete,2025-11-01
متدرب-178,C013,enroll,2025-10-04
متدرب-124,C056,complete,2025-08-17
متدرب-033,C013,complete,2025-12-25
متدرب-183,C069,enroll,2025-09-29
متدرب-180,C003,complete,2025-08-21
متدرب-138,C068,complete,2025-12-25
متدرب-133,C075,enroll,2025-11-18
متدرب-169,C016,enroll,2025-08-10
متدرب-178,C024,enroll,2025-08-21
متدرب-115,C041,enroll,2025-12-31
متدرب-033,C074,enroll,2025-07-27
متدرب-042,C012,complete,2026-01-02
متدرب-022,C016,complete,2025-10-09
متدرب-140,C022,complete,2025-07-26
متدرب-001,C032,complete,2025-12-30
متدرب-133,C038,complete,2025-12-06
متدرب-148,C063,complete,2025-08-30
متدرب-091,C078,enroll,2025-07-18
متدرب-026,C006,enroll,2026-01-01
متدرب-049,C019,complete,2025-11-16
متدرب-035,C078,enroll,2025-08-12
متدرب-092,C036,enroll,2025-08-04
متدرب-109,C010,complete,2025-11-05
متدرب-098,C021,complete,2025-09-16
متدرب-022,C033,complete,2025-07-17
متدرب-037,C069,enroll,2025-12-23
متدرب-162,C035,enroll,2025-10-07
متدرب-145,C066,enroll,2025-09-25
متدرب-040,C041,complete,2025-10-05
متدرب-007,C078,enroll,2025-12-22
متدرب-070,C016,enroll,2025-07-19
متدرب-141,C053,enroll,2025-10-18
متدرب-164,C012,complete,2025-10-17
متدرب-200,C035,enroll,2025-11-14
متدرب-071,C002,enroll,2025-10-06
متدرب-057,C049,enroll,2025-12-10
متدرب-045,C068,complete,2025-08-13
متدرب-126,C013,complete,2025-07-15
متدرب-147,C037,complete,2025-08-08
متدرب-026,C007,enroll,2025-10-21
متدرب-193,C050,enroll,2025-10-14
متدرب-190,C069,complete,2025-09-10
متدرب-152,C017,complete,2026-01-08
متدرب-176,C066,enroll,2025-07-26
متدرب-033,C019,complete,2025-08-18
متدرب-189,C035,enroll,2025-07-31
متدرب-095,C032,complete,2025-09-15
متدرب-047,C057,complete,2025-09-13
متدرب-129,C037,complete,2025-09-23
متدرب-134,C030,complete,2025-08-01
متدرب-023,C040,complete,2025-10-22
متدرب-024,C011,enroll,2025-11-10
متدرب-024,C022,enroll,2025-12-20
متدرب-191,C037,complete,2026-01-08
متدرب-109,C066,enroll,2025-09-10
متدرب-128,C066,enroll,2025-09-29
متدرب-004,C079,enroll,2026-01-09
متدرب-183,C055,complete,2025-11-09
متدرب-190,C068,enroll,2025-08-08
متدرب-115,C022,enroll,2025-11-27
متدرب-020,C047,enroll,2025-09-01
متدرب-091,C007,complete,2025-09-06
متدرب-098,C022,complete,2025-12-13
متدرب-087,C032,enroll,2025-10-28
متدرب-077,C062,complete,2025-11-04
متدرب-055,C001,complete,2025-11-16
متدرب-079,C066,enroll,2025-09-14
متدرب-159,C063,enroll,2025-10-11
متدرب-002,C079,complete,2025-10-18
متدرب-077,C046,enroll,2026-01-09
متدرب-090,C024,complete,2025-10-12
متدرب-003,C013,complete,2025-09-07
متدرب-051,C011,enroll,2025-09-27
متدرب-032,C063,enroll,2025-12-02
متدرب-197,C033,enroll,2025-09-12
متدرب-102,C048,complete,2025-10-09
متدرب-110,C024,complete,2025-12-14
متدرب-113,C057,enroll,2025-12-06
متدرب-091,C056,enroll,2025-10-11
متدرب-182,C026,enroll,2025-11-23
متدرب-073,C006,enroll,2025-10-01
متدرب-108,C043,enroll,2025-11-30
متدرب-171,C026,complete,2025-07-24
متدرب-069,C016,complete,2025-09-07
متدرب-141,C064,enroll,2025-10-19
متدرب-193,C052,complete,2025-12-08
متدرب-029,C014,enroll,2025-12-09
متدرب-040,C045,enroll,2025-07-19
متدرب-061,C007,complete,2025-09-23
متدرب-153,C002,complete,2025-09-10
متدرب-075,C037,complete,2025-12-20
متدرب-195,C055,enroll,2025-08-05
متدرب-040,C066,enroll,2025-11-08
متدرب-072,C015,complete,2025-07-15
متدرب-064,C055,enroll,2025-09-11
متدرب-181,C014,enroll,2025-11-23
متدرب-152,C020,enroll,2025-12-11
متدرب-034,C052,enroll,2025-11-01
متدرب-050,C019,complete,2026-01-06
متدرب-158,C026,enroll,2025-12-28
متدرب-098,C053,complete,2025-07-15
متدرب-163,C030,enroll,2025-10-16
متدرب-110,C062,enroll,2025-09-02
متدرب-110,C007,complete,2025-12-13
متدرب-069,C047,complete,2025-10-13
متدرب-183,C054,enroll,2025-10-21
متدرب-013,C024,enroll,2026-01-10
متدرب-014,C042,enroll,2025-10-29
متدرب-121,C036,enroll,2025-09-22
متدرب-048,C033,complete,2025-10-09
متدرب-086,C039,enroll,2025-12-17
متدرب-172,C002,enroll,2025-10-18
متدرب-093,C047,complete,2025-11-11
متدرب-167,C036,enroll,2025-08-14
متدرب-099,C012,enroll,2025-12-08
متدرب-162,C078,enroll,2025-12-31
متدرب-151,C025,enroll,2025-09-18
متدرب-026,C010,complete,2025-10-25
متدرب-186,C061,enroll,2025-08-27
متدرب-185,C020,enroll,2025-12-09
متدرب-050,C054,complete,2025-08-20
متدرب-089,C047,complete,2025-08-02
متدرب-184,C016,complete,2025-12-24
متدرب-124,C054,enroll,2025-11-29
متدرب-154,C036,enroll,2025-10-28
متدرب-012,C073,enroll,2025-07-17
متدرب-049,C051,complete,2025-07-19
متدرب-137,C066,enroll,2025-11-29
متدرب-113,C066,complete,2025-08-20
متدرب-200,C050,complete,2025-08-08
متدرب-070,C027,enroll,2026-01-10
متدرب-041,C074,enroll,2025-08-12
متدرب-179,C002,complete,2025-09-04
متدرب-182,C068,complete,2025-10-25
متدرب-057,C038,complete,2025-08-22
متدرب-031,C022,enroll,2025-12-30
متدرب-137,C031,complete,2025-12-31
متدرب-164,C019,complete,2025-12-07
متدرب-070,C007,enroll,2025-11-18
متدرب-137,C015,enroll,2025-07-28
متدرب-089,C078,complete,2025-10-19
متدرب-022,C071,complete,2025-12-07
متدرب-105,C079,complete,2025-10-19
متدرب-015,C002,complete,2025-11-15
متدرب-188,C036,enroll,2025-11-06
متدرب-005,C069,enroll,2025-07-18
متدرب-098,C033,enroll,2025-09-19
متدرب-057,C042,complete,2025-11-19
متدرب-149,C051,enroll,2025-09-18
متدرب-060,C056,complete,2025-12-04
متدرب-123,C012,complete,2025-11-25
متدرب-118,C024,enroll,2025-11-23
متدرب-146,C063,enroll,2025-07-29
متدرب-073,C003,complete,2025-11-30
متدرب-046,C051,enroll,2025-12-24
متدرب-037,C010,complete,2025-11-09
متدرب-117,C052,enroll,2025-08-29
متدرب-036,C002,enroll,2025-10-06
متدرب-099,C003,enroll,2026-01-07
متدرب-196,C006,enroll,2025-11-08
متدرب-198,C011,complete,2025-12-05
متدرب-161,C077,enroll,2026-01-08
متدرب-028,C070,complete,2025-12-20
متدرب-052,C018,complete,2025-08-19
متدرب-114,C021,complete,2025-10-18
متدرب-123,C020,enroll,2025-12-27
متدرب-140,C035,enroll,2026-01-05
متدرب-012,C014,complete,2025-12-15
متدرب-131,C054,enroll,2026-01-10
متدرب-058,C004,enroll,2025-09-23
متدرب-099,C019,complete,2025-07-27
متدرب-074,C029,complete,2025-07-19
متدرب-184,C015,complete,2025-11-28
متدرب-029,C029,enroll,2025-10-30
متدرب-092,C010,complete,2025-12-11
متدرب-093,C011,enroll,2025-08-09
متدرب-039,C023,complete,2025-08-28
متدرب-086,C077,enroll,2025-07-21
متدرب-109,C020,complete,2025-08-04
متدرب-074,C045,enroll,2025-11-02
متدرب-128,C048,complete,2025-12-22
متدرب-001,C020,enroll,2025-10-21
متدرب-038,C050,complete,2025-09-10
متدرب-018,C015,complete,2025-10-31
متدرب-038,C012,complete,2025-12-09
متدرب-047,C050,complete,2025-10-21
متدرب-127,C055,complete,2025-07-17
متدرب-106,C078,complete,2025-12-06
متدرب-168,C032,complete,2025-09-25
متدرب-141,C064,complete,2025-08-27
متدرب-138,C030,complete,2025-12-20
متدرب-149,C054,enroll,2025-07-15
متدرب-023,C031,complete,2026-01-10
متدرب-053,C003,complete,2025-08-21
متدرب-122,C018,enroll,2025-12-26
متدرب-090,C047,enroll,2025-10-27
متدرب-118,C019,complete,2025-11-09
متدرب-054,C029,enroll,2025-12-06
متدرب-031,C019,complete,2026-01-04
متدرب-179,C055,complete,2025-12-28
متدرب-180,C014,enroll,2025-09-10
متدرب-153,C021,enroll,2025-12-04
